{
  "nodes": {
    "a": {}, 
    "c": {}, 
    "b": {}, 
    "e": {}, 
    "d": {}, 
    "g": {}, 
    "f": {}, 
    "i": {}, 
    "h": {}, 
    "k": {}, 
    "j": {}, 
    "x": {}
  }, 
  "edges": {
    "a": {
      "i": {
        "weight": 0.34078199999999997
      }, 
      "x": {
        "weight": 0.375
      }, 
      "c": {
        "weight": 1.0
      }, 
      "b": {
        "weight": 0.111585
      }
    }, 
    "c": {
      "d": {
        "weight": 0.49358999999999997
      }
    }, 
    "b": {
      "i": {
        "weight": 0.198324
      }, 
      "a": {
        "weight": 0.40795999999999999
      }, 
      "k": {
        "weight": 1.0
      }
    }, 
    "e": {
      "a": {
        "weight": 0.141791
      }, 
      "x": {
        "weight": 0.125
      }, 
      "f": {
        "weight": 0.49371100000000001
      }
    }, 
    "d": {
      "e": {
        "weight": 0.35022999999999999
      }
    }, 
    "g": {
      "h": {
        "weight": 1.0
      }
    }, 
    "f": {
      "a": {
        "weight": 0.39552199999999998
      }
    }, 
    "i": {
      "x": {
        "weight": 0.375
      }, 
      "j": {
        "weight": 0.32493
      }, 
      "g": {
        "weight": 0.99290800000000001
      }
    }, 
    "h": {
      "e": {
        "weight": 0.64516099999999998
      }
    }, 
    "j": {
      "i": {
        "weight": 0.13128500000000001
      }, 
      "x": {
        "weight": 0.125
      }
    }
  }, 
  "_": "zebra finch bk42w74 - syllable transitions (reverse probabilities)"
}