{
  "nodes": {
    "a": {}, 
    "c": {}, 
    "b": {}, 
    "e": {}, 
    "d": {}, 
    "g": {}, 
    "f": {}, 
    "i": {}, 
    "h": {}, 
    "k": {}, 
    "j": {}, 
    "x": {}
  }, 
  "edges": {
    "a": {
      "b": {
        "weight": 0.117143
      }, 
      "e": {
        "weight": 0.26388899999999998
      }, 
      "f": {
        "weight": 0.5
      }
    }, 
    "c": {
      "a": {
        "weight": 0.19642899999999999
      }
    }, 
    "b": {
      "a": {
        "weight": 0.40050999999999998
      }, 
      "j": {
        "weight": 0.243836
      }
    }, 
    "e": {
      "h": {
        "weight": 1.0
      }, 
      "d": {
        "weight": 0.48717899999999997
      }
    }, 
    "d": {
      "c": {
        "weight": 1.0
      }
    }, 
    "g": {
      "i": {
        "weight": 0.38043500000000002
      }
    }, 
    "f": {
      "e": {
        "weight": 0.72685200000000005
      }
    }, 
    "i": {
      "a": {
        "weight": 0.311224
      }, 
      "x": {
        "weight": 0.875
      }, 
      "k": {
        "weight": 1.0
      }, 
      "j": {
        "weight": 0.12876699999999999
      }
    }, 
    "h": {
      "g": {
        "weight": 0.99290800000000001
      }
    }, 
    "j": {
      "i": {
        "weight": 0.31521700000000002
      }, 
      "x": {
        "weight": 0.125
      }
    }
  }, 
  "_": "zebra finch bk42w74 - syllable transitions (forward probabilities)"
}