{
  "nodes": {
    "a": {}, 
    "c": {}, 
    "b": {}, 
    "e": {}, 
    "d": {}, 
    "g": {}, 
    "f": {}, 
    "i": {}, 
    "j": {}, 
    "x": {}
  }, 
  "edges": {
    "a": {
      "i": {
        "weight": 0.41712399999999999
      }, 
      "x": {
        "weight": 0.16666700000000001
      }, 
      "d": {
        "weight": 1.0
      }
    }, 
    "c": {
      "i": {
        "weight": 0.38529099999999999
      }, 
      "x": {
        "weight": 0.33333299999999999
      }, 
      "e": {
        "weight": 0.114144
      }
    }, 
    "b": {
      "c": {
        "weight": 0.233908
      }
    }, 
    "e": {
      "f": {
        "weight": 0.36421399999999998
      }
    }, 
    "d": {
      "e": {
        "weight": 0.83870999999999996
      }
    }, 
    "g": {
      "j": {
        "weight": 0.73560800000000004
      }
    }, 
    "f": {
      "x": {
        "weight": 0.16666700000000001
      }, 
      "g": {
        "weight": 1.0
      }
    }, 
    "i": {
      "a": {
        "weight": 0.471802
      }, 
      "x": {
        "weight": 0.16666700000000001
      }, 
      "j": {
        "weight": 0.245203
      }, 
      "b": {
        "weight": 0.985294
      }
    }, 
    "j": {
      "a": {
        "weight": 0.525447
      }
    }
  }, 
  "_": "zebra finch bk43w73 - syllable transitions (reverse probabilities)"
}