{
  "nodes": {
    "a": {}, 
    "c": {}, 
    "b": {}, 
    "e": {}, 
    "d": {}, 
    "g": {}, 
    "f": {}, 
    "i": {}, 
    "j": {}, 
    "x": {}
  }, 
  "edges": {
    "a": {
      "i": {
        "weight": 0.366062
      }, 
      "j": {
        "weight": 0.80761099999999997
      }
    }, 
    "c": {
      "b": {
        "weight": 0.99754900000000002
      }
    }, 
    "b": {
      "i": {
        "weight": 0.42902899999999999
      }
    }, 
    "e": {
      "d": {
        "weight": 1.0
      }
    }, 
    "d": {
      "a": {
        "weight": 0.46969699999999998
      }
    }, 
    "g": {
      "f": {
        "weight": 0.35648999999999997
      }
    }, 
    "f": {
      "e": {
        "weight": 0.99257399999999996
      }
    }, 
    "i": {
      "a": {
        "weight": 0.52341599999999999
      }, 
      "x": {
        "weight": 0.59999999999999998
      }, 
      "c": {
        "weight": 0.20242199999999999
      }, 
      "j": {
        "weight": 0.17547599999999999
      }
    }, 
    "j": {
      "i": {
        "weight": 0.12273199999999999
      }, 
      "x": {
        "weight": 0.20000000000000001
      }, 
      "g": {
        "weight": 0.91511900000000002
      }
    }
  }, 
  "_": "zebra finch bk43w73 - syllable transitions (forward probabilities)"
}