{
  "nodes": {
    "a": {}, 
    "c": {}, 
    "b": {}, 
    "e": {}, 
    "d": {}, 
    "g": {}, 
    "f": {}, 
    "i": {}, 
    "j": {}, 
    "x": {}
  }, 
  "edges": {
    "a": {
      "i": {
        "weight": 0.78318599999999994
      }, 
      "x": {
        "weight": 0.16666700000000001
      }, 
      "j": {
        "weight": 0.80761099999999997
      }, 
      "d": {
        "weight": 1.0
      }
    }, 
    "c": {
      "i": {
        "weight": 0.38529099999999999
      }, 
      "x": {
        "weight": 0.33333299999999999
      }, 
      "b": {
        "weight": 0.99754900000000002
      }, 
      "e": {
        "weight": 0.114144
      }
    }, 
    "b": {
      "i": {
        "weight": 0.42902899999999999
      }, 
      "c": {
        "weight": 0.233908
      }
    }, 
    "e": {
      "d": {
        "weight": 1.0
      }, 
      "f": {
        "weight": 0.36421399999999998
      }
    }, 
    "d": {
      "a": {
        "weight": 0.46969699999999998
      }, 
      "e": {
        "weight": 0.83870999999999996
      }
    }, 
    "g": {
      "j": {
        "weight": 0.73560800000000004
      }, 
      "f": {
        "weight": 0.35648999999999997
      }
    }, 
    "f": {
      "x": {
        "weight": 0.16666700000000001
      }, 
      "e": {
        "weight": 0.99257399999999996
      }, 
      "g": {
        "weight": 1.0
      }
    }, 
    "i": {
      "a": {
        "weight": 0.99521799999999994
      }, 
      "x": {
        "weight": 0.76666699999999999
      }, 
      "c": {
        "weight": 0.20242199999999999
      }, 
      "j": {
        "weight": 0.42067900000000003
      }, 
      "b": {
        "weight": 0.985294
      }
    }, 
    "j": {
      "i": {
        "weight": 0.12273199999999999
      }, 
      "a": {
        "weight": 0.525447
      }, 
      "g": {
        "weight": 0.91511900000000002
      }, 
      "x": {
        "weight": 0.20000000000000001
      }
    }
  }, 
  "_": "zebra finch bk43w73 - syllable transitions (merged probabilities)"
}