{
  "nodes": {
    "a": {}, 
    "c": {}, 
    "b": {}, 
    "e": {}, 
    "d": {}, 
    "g": {}, 
    "f": {}, 
    "i": {}
  }, 
  "edges": {
    "a": {
      "i": {
        "weight": 0.66832899999999995
      }
    }, 
    "c": {
      "b": {
        "weight": 0.640741
      }
    }, 
    "b": {
      "a": {
        "weight": 0.84375
      }
    }, 
    "e": {
      "d": {
        "weight": 0.1434
      }
    }, 
    "d": {
      "c": {
        "weight": 0.98863599999999996
      }, 
      "g": {
        "weight": 0.5
      }
    }, 
    "g": {
      "b": {
        "weight": 0.318519
      }
    }, 
    "f": {
      "e": {
        "weight": 0.84353699999999998
      }
    }, 
    "i": {
      "a": {
        "weight": 0.13125000000000001
      }, 
      "e": {
        "weight": 0.122449
      }, 
      "f": {
        "weight": 0.73033700000000001
      }
    }
  }, 
  "_": "zebra finch bk70bk62 - syllable transitions (forward probabilities)"
}