{
  "nodes": {
    "a": {}, 
    "c": {}, 
    "b": {}, 
    "e": {}, 
    "d": {}, 
    "g": {}, 
    "f": {}, 
    "i": {}
  }, 
  "edges": {
    "a": {
      "i": {
        "weight": 0.114441
      }, 
      "b": {
        "weight": 0.98901099999999997
      }
    }, 
    "c": {
      "d": {
        "weight": 0.162162
      }
    }, 
    "b": {
      "c": {
        "weight": 0.98857099999999998
      }, 
      "g": {
        "weight": 0.48314600000000002
      }
    }, 
    "e": {
      "f": {
        "weight": 0.69662900000000005
      }
    }, 
    "d": {
      "i": {
        "weight": 0.106267
      }, 
      "a": {
        "weight": 0.13395599999999999
      }, 
      "e": {
        "weight": 0.95569599999999999
      }
    }, 
    "f": {
      "i": {
        "weight": 0.35422300000000001
      }
    }, 
    "i": {
      "a": {
        "weight": 0.83489100000000005
      }
    }
  }, 
  "_": "zebra finch bk70bk62 - syllable transitions (reverse probabilities)"
}