{
  "nodes": {
    "a": {}, 
    "c": {}, 
    "b": {}, 
    "e": {}, 
    "d": {}, 
    "g": {}, 
    "f": {}, 
    "i": {}
  }, 
  "edges": {
    "a": {
      "i": {
        "weight": 0.78276999999999997
      }, 
      "b": {
        "weight": 0.98901099999999997
      }
    }, 
    "c": {
      "b": {
        "weight": 0.640741
      }, 
      "d": {
        "weight": 0.162162
      }
    }, 
    "b": {
      "a": {
        "weight": 0.84375
      }, 
      "c": {
        "weight": 0.98857099999999998
      }, 
      "g": {
        "weight": 0.48314600000000002
      }
    }, 
    "e": {
      "d": {
        "weight": 0.1434
      }, 
      "f": {
        "weight": 0.69662900000000005
      }
    }, 
    "d": {
      "i": {
        "weight": 0.106267
      }, 
      "a": {
        "weight": 0.13395599999999999
      }, 
      "c": {
        "weight": 0.98863599999999996
      }, 
      "e": {
        "weight": 0.95569599999999999
      }, 
      "g": {
        "weight": 0.5
      }
    }, 
    "g": {
      "b": {
        "weight": 0.318519
      }
    }, 
    "f": {
      "i": {
        "weight": 0.35422300000000001
      }, 
      "e": {
        "weight": 0.84353699999999998
      }
    }, 
    "i": {
      "a": {
        "weight": 0.96614100000000003
      }, 
      "e": {
        "weight": 0.122449
      }, 
      "f": {
        "weight": 0.73033700000000001
      }
    }
  }, 
  "_": "zebra finch bk70bk62 - syllable transitions (merged probabilities)"
}