{
  "nodes": {
    "a": {}, 
    "c": {}, 
    "b": {}, 
    "e": {}, 
    "d": {}, 
    "f": {}, 
    "i": {}, 
    "k": {}, 
    "j": {}, 
    "l": {}, 
    "x": {}
  }, 
  "edges": {
    "a": {
      "x": {
        "weight": 0.5
      }, 
      "b": {
        "weight": 0.96831
      }
    }, 
    "c": {
      "a": {
        "weight": 0.265957
      }, 
      "l": {
        "weight": 0.28571400000000002
      }, 
      "d": {
        "weight": 1.0
      }
    }, 
    "b": {
      "x": {
        "weight": 0.25
      }, 
      "c": {
        "weight": 0.99642900000000001
      }
    }, 
    "e": {
      "f": {
        "weight": 0.99504999999999999
      }
    }, 
    "d": {
      "e": {
        "weight": 1.0
      }
    }, 
    "f": {
      "k": {
        "weight": 1.0
      }, 
      "l": {
        "weight": 0.14285700000000001
      }
    }, 
    "i": {
      "j": {
        "weight": 0.129412
      }, 
      "l": {
        "weight": 0.14285700000000001
      }
    }, 
    "k": {
      "a": {
        "weight": 0.65248200000000001
      }, 
      "x": {
        "weight": 0.25
      }
    }, 
    "j": {
      "l": {
        "weight": 0.14285700000000001
      }
    }, 
    "l": {
      "i": {
        "weight": 0.117647
      }, 
      "j": {
        "weight": 0.129412
      }
    }
  }, 
  "_": "zebra finch bk95bk3 - syllable transitions (reverse probabilities)"
}