{
  "nodes": {
    "a": {}, 
    "c": {}, 
    "b": {}, 
    "e": {}, 
    "d": {}, 
    "f": {}, 
    "i": {}, 
    "k": {}, 
    "j": {}, 
    "l": {}, 
    "x": {}
  }, 
  "edges": {
    "a": {
      "x": {
        "weight": 0.5
      }, 
      "c": {
        "weight": 0.26978400000000002
      }, 
      "j": {
        "weight": 0.25287399999999999
      }, 
      "b": {
        "weight": 0.96831
      }, 
      "k": {
        "weight": 0.98924699999999999
      }
    }, 
    "c": {
      "a": {
        "weight": 0.265957
      }, 
      "x": {
        "weight": 0.5
      }, 
      "b": {
        "weight": 0.98586600000000002
      }, 
      "l": {
        "weight": 0.28571400000000002
      }, 
      "d": {
        "weight": 1.0
      }
    }, 
    "b": {
      "a": {
        "weight": 0.989209
      }, 
      "x": {
        "weight": 0.75
      }, 
      "c": {
        "weight": 0.99642900000000001
      }
    }, 
    "e": {
      "d": {
        "weight": 1.0
      }, 
      "f": {
        "weight": 0.99504999999999999
      }
    }, 
    "d": {
      "c": {
        "weight": 0.71582699999999999
      }, 
      "e": {
        "weight": 1.0
      }
    }, 
    "f": {
      "k": {
        "weight": 1.0
      }, 
      "e": {
        "weight": 1.0
      }, 
      "l": {
        "weight": 0.14285700000000001
      }
    }, 
    "i": {
      "j": {
        "weight": 0.129412
      }, 
      "l": {
        "weight": 0.442857
      }
    }, 
    "k": {
      "a": {
        "weight": 0.65248200000000001
      }, 
      "x": {
        "weight": 0.25
      }, 
      "f": {
        "weight": 0.94999999999999996
      }
    }, 
    "j": {
      "i": {
        "weight": 0.19642899999999999
      }, 
      "l": {
        "weight": 0.69285700000000006
      }
    }, 
    "l": {
      "i": {
        "weight": 0.117647
      }, 
      "j": {
        "weight": 0.129412
      }
    }
  }, 
  "_": "zebra finch bk95bk3 - syllable transitions (merged probabilities)"
}