{
  "nodes": {
    "a": {}, 
    "c": {}, 
    "b": {}, 
    "e": {}, 
    "d": {}, 
    "f": {}, 
    "i": {}, 
    "k": {}, 
    "j": {}, 
    "l": {}, 
    "x": {}
  }, 
  "edges": {
    "a": {
      "c": {
        "weight": 0.26978400000000002
      }, 
      "j": {
        "weight": 0.25287399999999999
      }, 
      "k": {
        "weight": 0.98924699999999999
      }
    }, 
    "c": {
      "x": {
        "weight": 0.5
      }, 
      "b": {
        "weight": 0.98586600000000002
      }
    }, 
    "b": {
      "a": {
        "weight": 0.989209
      }, 
      "x": {
        "weight": 0.5
      }
    }, 
    "e": {
      "d": {
        "weight": 1.0
      }
    }, 
    "d": {
      "c": {
        "weight": 0.71582699999999999
      }
    }, 
    "f": {
      "e": {
        "weight": 1.0
      }
    }, 
    "i": {
      "l": {
        "weight": 0.29999999999999999
      }
    }, 
    "k": {
      "f": {
        "weight": 0.94999999999999996
      }
    }, 
    "j": {
      "i": {
        "weight": 0.19642899999999999
      }, 
      "l": {
        "weight": 0.55000000000000004
      }
    }
  }, 
  "_": "zebra finch bk95bk3 - syllable transitions (forward probabilities)"
}