{
  "nodes": {
    "a": {}, 
    "c": {}, 
    "b": {}, 
    "e": {}, 
    "d": {}, 
    "g": {}, 
    "f": {}, 
    "i": {}, 
    "h": {}
  }, 
  "edges": {
    "a": {
      "i": {
        "weight": 0.61450800000000005
      }, 
      "h": {
        "weight": 0.99236599999999997
      }, 
      "b": {
        "weight": 0.99456500000000003
      }
    }, 
    "c": {
      "b": {
        "weight": 1.0
      }, 
      "d": {
        "weight": 0.31046299999999999
      }
    }, 
    "b": {
      "a": {
        "weight": 0.42459400000000003
      }, 
      "c": {
        "weight": 1.0
      }
    }, 
    "e": {
      "d": {
        "weight": 0.28970299999999999
      }, 
      "f": {
        "weight": 0.39613500000000001
      }
    }, 
    "d": {
      "c": {
        "weight": 0.98369600000000001
      }, 
      "e": {
        "weight": 1.0
      }
    }, 
    "g": {
      "h": {
        "weight": 1.0
      }, 
      "f": {
        "weight": 1.6014439999999999
      }
    }, 
    "f": {
      "e": {
        "weight": 0.99393900000000002
      }, 
      "g": {
        "weight": 1.597766
      }
    }, 
    "i": {
      "a": {
        "weight": 0.200456
      }
    }, 
    "h": {
      "a": {
        "weight": 0.296128
      }, 
      "g": {
        "weight": 0.36829299999999998
      }
    }
  }, 
  "_": "zebra finch g81w58 - syllable transitions (merged probabilities)"
}