{
  "nodes": {
    "a": {}, 
    "c": {}, 
    "b": {}, 
    "e": {}, 
    "d": {}, 
    "g": {}, 
    "f": {}, 
    "i": {}, 
    "h": {}
  }, 
  "edges": {
    "a": {
      "i": {
        "weight": 0.40740700000000002
      }, 
      "h": {
        "weight": 0.99236599999999997
      }
    }, 
    "c": {
      "b": {
        "weight": 1.0
      }
    }, 
    "b": {
      "a": {
        "weight": 0.42459400000000003
      }
    }, 
    "e": {
      "d": {
        "weight": 0.28970299999999999
      }
    }, 
    "d": {
      "c": {
        "weight": 0.98369600000000001
      }
    }, 
    "g": {
      "f": {
        "weight": 0.99757899999999999
      }
    }, 
    "f": {
      "e": {
        "weight": 0.99393900000000002
      }, 
      "g": {
        "weight": 0.60975599999999996
      }
    }, 
    "h": {
      "g": {
        "weight": 0.36829299999999998
      }
    }
  }, 
  "_": "zebra finch g81w58 - syllable transitions (forward probabilities)"
}