{
  "nodes": {
    "a": {}, 
    "c": {}, 
    "b": {}, 
    "e": {}, 
    "d": {}, 
    "g": {}, 
    "f": {}, 
    "i": {}, 
    "h": {}
  }, 
  "edges": {
    "a": {
      "i": {
        "weight": 0.20710100000000001
      }, 
      "b": {
        "weight": 0.99456500000000003
      }
    }, 
    "c": {
      "d": {
        "weight": 0.31046299999999999
      }
    }, 
    "b": {
      "c": {
        "weight": 1.0
      }
    }, 
    "e": {
      "f": {
        "weight": 0.39613500000000001
      }
    }, 
    "d": {
      "e": {
        "weight": 1.0
      }
    }, 
    "g": {
      "h": {
        "weight": 1.0
      }, 
      "f": {
        "weight": 0.60386499999999999
      }
    }, 
    "f": {
      "g": {
        "weight": 0.98801000000000005
      }
    }, 
    "i": {
      "a": {
        "weight": 0.200456
      }
    }, 
    "h": {
      "a": {
        "weight": 0.296128
      }
    }
  }, 
  "_": "zebra finch g81w58 - syllable transitions (reverse probabilities)"
}