{
  "nodes": {
    "a": {}, 
    "c": {}, 
    "b": {}, 
    "e": {}, 
    "d": {}, 
    "g": {}, 
    "i": {}, 
    "x": {}
  }, 
  "edges": {
    "a": {
      "i": {
        "weight": 0.89064699999999997
      }, 
      "b": {
        "weight": 0.22961599999999999
      }, 
      "g": {
        "weight": 1.0
      }
    }, 
    "c": {
      "x": {
        "weight": 0.23999999999999999
      }, 
      "b": {
        "weight": 0.102941
      }, 
      "d": {
        "weight": 0.97747899999999999
      }, 
      "g": {
        "weight": 0.222222
      }
    }, 
    "b": {
      "a": {
        "weight": 0.97971900000000001
      }, 
      "c": {
        "weight": 0.359435
      }, 
      "e": {
        "weight": 0.37163800000000002
      }
    }, 
    "e": {
      "b": {
        "weight": 0.111765
      }, 
      "d": {
        "weight": 0.25717600000000002
      }
    }, 
    "d": {
      "i": {
        "weight": 0.82208599999999998
      }, 
      "x": {
        "weight": 0.5
      }, 
      "c": {
        "weight": 1.1054189999999999
      }, 
      "e": {
        "weight": 0.27757100000000001
      }, 
      "g": {
        "weight": 0.66666700000000001
      }
    }, 
    "i": {
      "a": {
        "weight": 0.95672299999999999
      }, 
      "x": {
        "weight": 0.73469399999999996
      }, 
      "d": {
        "weight": 0.61397500000000005
      }
    }
  }, 
  "_": "zebra finch g83w57 - syllable transitions (merged probabilities)"
}