{
  "nodes": {
    "a": {}, 
    "c": {}, 
    "b": {}, 
    "e": {}, 
    "d": {}, 
    "g": {}, 
    "i": {}, 
    "x": {}
  }, 
  "edges": {
    "a": {
      "i": {
        "weight": 0.89064699999999997
      }, 
      "g": {
        "weight": 1.0
      }
    }, 
    "c": {
      "b": {
        "weight": 0.102941
      }, 
      "d": {
        "weight": 0.30813299999999999
      }
    }, 
    "b": {
      "a": {
        "weight": 0.97971900000000001
      }
    }, 
    "e": {
      "b": {
        "weight": 0.111765
      }
    }, 
    "d": {
      "c": {
        "weight": 0.760104
      }, 
      "e": {
        "weight": 0.27757100000000001
      }
    }, 
    "i": {
      "x": {
        "weight": 0.73469399999999996
      }, 
      "d": {
        "weight": 0.61397500000000005
      }
    }
  }, 
  "_": "zebra finch g83w57 - syllable transitions (forward probabilities)"
}