{
  "nodes": {
    "a": {}, 
    "c": {}, 
    "b": {}, 
    "e": {}, 
    "d": {}, 
    "g": {}, 
    "i": {}, 
    "x": {}
  }, 
  "edges": {
    "a": {
      "b": {
        "weight": 0.22961599999999999
      }
    }, 
    "c": {
      "x": {
        "weight": 0.23999999999999999
      }, 
      "d": {
        "weight": 0.669346
      }, 
      "g": {
        "weight": 0.222222
      }
    }, 
    "b": {
      "c": {
        "weight": 0.359435
      }, 
      "e": {
        "weight": 0.37163800000000002
      }
    }, 
    "e": {
      "d": {
        "weight": 0.25717600000000002
      }
    }, 
    "d": {
      "i": {
        "weight": 0.82208599999999998
      }, 
      "x": {
        "weight": 0.5
      }, 
      "c": {
        "weight": 0.34531499999999998
      }, 
      "g": {
        "weight": 0.66666700000000001
      }
    }, 
    "i": {
      "a": {
        "weight": 0.95672299999999999
      }
    }
  }, 
  "_": "zebra finch g83w57 - syllable transitions (reverse probabilities)"
}