{
  "nodes": {
    "a": {}, 
    "c": {}, 
    "b": {}, 
    "e": {}, 
    "d": {}, 
    "g": {}, 
    "f": {}, 
    "i": {}, 
    "h": {}, 
    "k": {}, 
    "j": {}, 
    "m": {}, 
    "n": {}, 
    "z": {}
  }, 
  "edges": {
    "a": {
      "b": {
        "weight": 0.64000000000000001
      }
    }, 
    "c": {
      "d": {
        "weight": 1.0
      }
    }, 
    "b": {
      "c": {
        "weight": 1.0
      }, 
      "n": {
        "weight": 1.0
      }
    }, 
    "e": {
      "f": {
        "weight": 0.27572000000000002
      }
    }, 
    "d": {
      "j": {
        "weight": 0.46889999999999998
      }
    }, 
    "g": {
      "h": {
        "weight": 0.98461500000000002
      }
    }, 
    "f": {
      "g": {
        "weight": 1.0
      }
    }, 
    "i": {
      "a": {
        "weight": 0.137931
      }, 
      "k": {
        "weight": 0.80000000000000004
      }
    }, 
    "h": {
      "z": {
        "weight": 0.85294099999999995
      }
    }, 
    "k": {
      "i": {
        "weight": 0.275229
      }
    }, 
    "j": {
      "e": {
        "weight": 0.992537
      }
    }, 
    "m": {
      "b": {
        "weight": 0.32888899999999999
      }, 
      "j": {
        "weight": 0.17224900000000001
      }
    }, 
    "n": {
      "m": {
        "weight": 1.0
      }
    }, 
    "z": {
      "a": {
        "weight": 0.84827600000000003
      }, 
      "k": {
        "weight": 0.20000000000000001
      }
    }
  }, 
  "_": "zebra finch r15bl29 - syllable transitions (reverse probabilities)"
}