{
  "nodes": {
    "a": {}, 
    "c": {}, 
    "b": {}, 
    "e": {}, 
    "d": {}, 
    "g": {}, 
    "f": {}, 
    "i": {}, 
    "h": {}, 
    "k": {}, 
    "j": {}, 
    "m": {}, 
    "n": {}, 
    "z": {}
  }, 
  "edges": {
    "a": {
      "i": {
        "weight": 0.149254
      }, 
      "b": {
        "weight": 0.64000000000000001
      }, 
      "z": {
        "weight": 0.90441199999999999
      }
    }, 
    "c": {
      "b": {
        "weight": 0.47297299999999998
      }, 
      "d": {
        "weight": 1.0
      }
    }, 
    "b": {
      "a": {
        "weight": 1.0
      }, 
      "c": {
        "weight": 1.0
      }, 
      "m": {
        "weight": 0.66071400000000002
      }, 
      "n": {
        "weight": 1.0
      }
    }, 
    "e": {
      "j": {
        "weight": 0.63942299999999996
      }, 
      "f": {
        "weight": 0.27572000000000002
      }
    }, 
    "d": {
      "c": {
        "weight": 0.98095200000000005
      }, 
      "j": {
        "weight": 0.46889999999999998
      }
    }, 
    "g": {
      "h": {
        "weight": 0.98461500000000002
      }, 
      "f": {
        "weight": 0.265432
      }
    }, 
    "f": {
      "e": {
        "weight": 1.0
      }, 
      "g": {
        "weight": 1.0
      }
    }, 
    "i": {
      "a": {
        "weight": 0.137931
      }, 
      "k": {
        "weight": 1.4666670000000002
      }
    }, 
    "h": {
      "z": {
        "weight": 0.85294099999999995
      }, 
      "g": {
        "weight": 1.0
      }
    }, 
    "k": {
      "i": {
        "weight": 0.54388599999999998
      }
    }, 
    "j": {
      "m": {
        "weight": 0.32142900000000002
      }, 
      "e": {
        "weight": 0.992537
      }, 
      "d": {
        "weight": 0.96078399999999997
      }
    }, 
    "m": {
      "n": {
        "weight": 1.0
      }, 
      "b": {
        "weight": 0.32888899999999999
      }, 
      "j": {
        "weight": 0.17224900000000001
      }
    }, 
    "n": {
      "b": {
        "weight": 0.52702700000000002
      }, 
      "m": {
        "weight": 1.0
      }
    }, 
    "z": {
      "a": {
        "weight": 0.84827600000000003
      }, 
      "h": {
        "weight": 0.99145300000000003
      }, 
      "k": {
        "weight": 0.48888900000000002
      }
    }
  }, 
  "_": "zebra finch r15bl29 - syllable transitions (merged probabilities)"
}