{
  "nodes": {
    "a": {}, 
    "c": {}, 
    "b": {}, 
    "e": {}, 
    "d": {}, 
    "g": {}, 
    "f": {}, 
    "i": {}, 
    "h": {}, 
    "k": {}, 
    "j": {}, 
    "m": {}, 
    "n": {}, 
    "z": {}
  }, 
  "edges": {
    "a": {
      "i": {
        "weight": 0.149254
      }, 
      "z": {
        "weight": 0.90441199999999999
      }
    }, 
    "c": {
      "b": {
        "weight": 0.47297299999999998
      }
    }, 
    "b": {
      "a": {
        "weight": 1.0
      }, 
      "m": {
        "weight": 0.66071400000000002
      }
    }, 
    "e": {
      "j": {
        "weight": 0.63942299999999996
      }
    }, 
    "d": {
      "c": {
        "weight": 0.98095200000000005
      }
    }, 
    "g": {
      "f": {
        "weight": 0.265432
      }
    }, 
    "f": {
      "e": {
        "weight": 1.0
      }
    }, 
    "i": {
      "k": {
        "weight": 0.66666700000000001
      }
    }, 
    "h": {
      "g": {
        "weight": 1.0
      }
    }, 
    "k": {
      "i": {
        "weight": 0.26865699999999998
      }
    }, 
    "j": {
      "m": {
        "weight": 0.32142900000000002
      }, 
      "d": {
        "weight": 0.96078399999999997
      }
    }, 
    "m": {
      "n": {
        "weight": 1.0
      }
    }, 
    "n": {
      "b": {
        "weight": 0.52702700000000002
      }
    }, 
    "z": {
      "h": {
        "weight": 0.99145300000000003
      }, 
      "k": {
        "weight": 0.28888900000000001
      }
    }
  }, 
  "_": "zebra finch r15bl29 - syllable transitions (forward probabilities)"
}