{
  "nodes": {
    "a": {}, 
    "c": {}, 
    "b": {}, 
    "e": {}, 
    "d": {}, 
    "g": {}, 
    "i": {}, 
    "h": {}, 
    "k": {}, 
    "n": {}, 
    "w": {}
  }, 
  "edges": {
    "a": {
      "b": {
        "weight": 0.21548800000000001
      }, 
      "e": {
        "weight": 0.72690200000000005
      }, 
      "w": {
        "weight": 0.90476199999999996
      }, 
      "n": {
        "weight": 0.74576299999999995
      }
    }, 
    "c": {
      "b": {
        "weight": 0.50980400000000003
      }, 
      "d": {
        "weight": 0.96382400000000001
      }
    }, 
    "b": {
      "a": {
        "weight": 0.23255799999999999
      }, 
      "c": {
        "weight": 0.99867499999999998
      }, 
      "i": {
        "weight": 0.71460699999999999
      }, 
      "h": {
        "weight": 0.87096799999999996
      }, 
      "k": {
        "weight": 0.14411199999999999
      }, 
      "n": {
        "weight": 0.25423699999999999
      }
    }, 
    "e": {
      "a": {
        "weight": 0.38796199999999997
      }, 
      "k": {
        "weight": 0.29455900000000002
      }, 
      "d": {
        "weight": 0.98316099999999995
      }
    }, 
    "d": {
      "c": {
        "weight": 0.99202100000000004
      }, 
      "e": {
        "weight": 0.98956999999999995
      }, 
      "n": {
        "weight": 0.10169499999999999
      }
    }, 
    "g": {
      "i": {
        "weight": 0.20449400000000001
      }, 
      "h": {
        "weight": 0.98936199999999996
      }
    }, 
    "i": {
      "k": {
        "weight": 0.28295300000000001
      }, 
      "b": {
        "weight": 0.214141
      }, 
      "w": {
        "weight": 0.769841
      }, 
      "g": {
        "weight": 0.94791700000000001
      }
    }, 
    "h": {
      "g": {
        "weight": 0.96875
      }
    }, 
    "k": {
      "i": {
        "weight": 0.37011500000000003
      }, 
      "e": {
        "weight": 0.213315
      }
    }, 
    "n": {
      "w": {
        "weight": 0.19444400000000001
      }
    }, 
    "w": {
      "i": {
        "weight": 0.44597700000000001
      }, 
      "a": {
        "weight": 0.13880799999999999
      }, 
      "n": {
        "weight": 0.83050800000000002
      }
    }
  }, 
  "_": "zebra finch r17pu46 - syllable transitions (merged probabilities)"
}