{
  "nodes": {
    "a": {}, 
    "c": {}, 
    "b": {}, 
    "e": {}, 
    "d": {}, 
    "g": {}, 
    "i": {}, 
    "h": {}, 
    "k": {}, 
    "n": {}, 
    "w": {}
  }, 
  "edges": {
    "a": {
      "b": {
        "weight": 0.21548800000000001
      }, 
      "w": {
        "weight": 0.75793699999999997
      }, 
      "n": {
        "weight": 0.74576299999999995
      }
    }, 
    "c": {
      "d": {
        "weight": 0.96382400000000001
      }
    }, 
    "b": {
      "c": {
        "weight": 0.99867499999999998
      }, 
      "n": {
        "weight": 0.25423699999999999
      }
    }, 
    "e": {
      "a": {
        "weight": 0.38796199999999997
      }, 
      "k": {
        "weight": 0.29455900000000002
      }
    }, 
    "d": {
      "e": {
        "weight": 0.98956999999999995
      }
    }, 
    "g": {
      "h": {
        "weight": 0.98936199999999996
      }
    }, 
    "i": {
      "b": {
        "weight": 0.214141
      }, 
      "g": {
        "weight": 0.94791700000000001
      }
    }, 
    "k": {
      "i": {
        "weight": 0.37011500000000003
      }
    }, 
    "n": {
      "w": {
        "weight": 0.19444400000000001
      }
    }, 
    "w": {
      "i": {
        "weight": 0.44597700000000001
      }
    }
  }, 
  "_": "zebra finch r17pu46 - syllable transitions (reverse probabilities)"
}