{
  "nodes": {
    "a": {}, 
    "c": {}, 
    "b": {}, 
    "e": {}, 
    "d": {}, 
    "g": {}, 
    "i": {}, 
    "h": {}, 
    "k": {}, 
    "n": {}, 
    "w": {}
  }, 
  "edges": {
    "a": {
      "e": {
        "weight": 0.72690200000000005
      }, 
      "w": {
        "weight": 0.14682500000000001
      }
    }, 
    "c": {
      "b": {
        "weight": 0.50980400000000003
      }
    }, 
    "b": {
      "i": {
        "weight": 0.71460699999999999
      }, 
      "h": {
        "weight": 0.87096799999999996
      }, 
      "k": {
        "weight": 0.14411199999999999
      }, 
      "a": {
        "weight": 0.23255799999999999
      }
    }, 
    "e": {
      "d": {
        "weight": 0.98316099999999995
      }
    }, 
    "d": {
      "c": {
        "weight": 0.99202100000000004
      }, 
      "n": {
        "weight": 0.10169499999999999
      }
    }, 
    "g": {
      "i": {
        "weight": 0.20449400000000001
      }
    }, 
    "i": {
      "k": {
        "weight": 0.28295300000000001
      }, 
      "w": {
        "weight": 0.769841
      }
    }, 
    "h": {
      "g": {
        "weight": 0.96875
      }
    }, 
    "k": {
      "e": {
        "weight": 0.213315
      }
    }, 
    "w": {
      "a": {
        "weight": 0.13880799999999999
      }, 
      "n": {
        "weight": 0.83050800000000002
      }
    }
  }, 
  "_": "zebra finch r17pu46 - syllable transitions (forward probabilities)"
}